Entries ID,Form,Date Submitted,IP Address,Email Subject,Sender Name,Sender Email,Emailed To,First Name,Last Name,Email Address,Address,General Availability,Orientation Session to Attend,What is your reason for volunteering at the ReStore?,Comments,Verification,reCAPTCHA,Zip Code,Please enter any two digits with no spaces (Example: 12),Company/Organization,,Pickup Address,Items To Donate
"23","Volunteer Form - reCAPTCHA","2012-05-12 02:30:37","127.0.0.1","","","","","Harry","Jones","h@jones.com","Chicago, IL","Tuesday 2pm - 6pm, Wednesday 2pm - 6pm","05/14/2012","Independent Volunteer","Comments

With multiple lines.","","","","","","","",""
"22","Newsletter Form","2012-05-12 02:26:09","127.0.0.1","","","","","Foo","Bar","foo@Bar.c","","","","","","","","39383","14","","","",""
"21","Volunteer Form - reCAPTCHA","2012-05-06 21:46:03","127.0.0.1","","","","","Test","User","test@user.com","Foo St<br>IL<br>United States of America","","","","","","14","","","","","",""
"20","Volunteer Form - reCAPTCHA","2012-05-06 21:45:57","127.0.0.1","","","","","Test","User","test@user.com","IL<br>United States of America","","","","","","14","","","","","",""
"19","Volunteer Form - reCAPTCHA","2012-05-06 21:45:51","127.0.0.1","","","","","Test","User","test@user.com","United States of America","","","","","","14","","","","","",""
"18","Volunteer Form - reCAPTCHA","2012-05-06 21:45:41","127.0.0.1","","","","","Test","User","test@user.com","OP123","","","","","","14","","","","","",""
"17","Volunteer Form - reCAPTCHA","2012-05-06 21:45:29","127.0.0.1","","","","","Test","User","test@user.com","OS","","","","","","14","","","","","",""
"16","Volunteer Form - reCAPTCHA","2012-05-06 21:45:22","127.0.0.1","","","","","Test","User","test@user.com","Only City","","","","","","14","","","","","",""
"15","Volunteer Form - reCAPTCHA","2012-05-06 21:45:12","127.0.0.1","","","","","Test","User","test@user.com","Only Line 2","","","","","","14","","","","","",""
"14","Newsletter Form","2012-05-06 20:06:24","127.0.0.1","","","","","Test","Newsletter","test@newsletter.com","","","","","","","","60606","14","","","",""
"13","Donation Form - reCAPTCHA","2012-05-06 20:06:07","127.0.0.1","","","","","Test","Donation","test@donation.com","","","","","","","14","","","Donors-R-Us","Receipt Desired, Pickup Requested","1 Main St<br>Apt 2<br>Chicago, IL. 60606<br>United States of America","Item 1, item 2

items 3-10"
"12","Volunteer Form - reCAPTCHA","2012-05-06 20:04:59","127.0.0.1","","","","","Test","Volunteer","test@volunteer.com","1 Main St<br>Apt 2<br>Chicago, IL. 60606<br>United States of America","Tuesday 10am - 2pm, Wednesday 10am - 2pm, Wednesday 2pm - 6pm, Wednesday 10am - 6pm","05/17/2012","Community Service (School)","Here are my comments.","","14","","","","","",""
